country,avg_estimated_cost,avg_ranking,avg_ranking_score,avg_affordability_score,avg_data_quality,university_count,budget_compatibility_score,country_preference_score,country_ranking_score,university_availability_score,country_confidence_score,country_recommendation_score,recommendation_category,recommendation_reason
Algeria,1135.6799999999998,806.6666666666666,42.483333333333334,98.22999999999999,90.0,5,100,50,42.483333333333334,1.4,90.0,64.76,Consider,Fits your budget
Argentina,40.35,,,99.995,75.0,8,100,50,50.0,2.25,75.0,65.22,Recommended,Fits your budget
Australia,34767.3797752809,160.45171339563862,88.67426791277258,44.04011235955056,97.54213483146067,356,100,50,88.67426791277258,100.0,97.54213483146067,86.92,Highly Recommended,"Fits your budget, Strong university rankings, Many university options"
Austria,1571.0666666666666,382.25,72.82,97.52888888888889,86.11111111111111,9,100,50,72.82,2.53,86.11111111111111,72.07,Recommended,Fits your budget
Bahrain,7662.860000000001,745.0,46.894999999999996,87.716,85.0,5,100,50,46.894999999999996,1.4,85.0,65.36,Recommended,Fits your budget
Bangladesh,2258.96,1201.0,14.3,96.418,80.0,5,100,50,14.3,1.4,80.0,56.72,Consider,Fits your budget
Belgium,3653.381818181818,238.3,83.10900000000001,94.17272727272729,97.72727272727273,11,100,50,83.10900000000001,3.09,97.72727272727273,75.86,Recommended,"Fits your budget, Strong university rankings"
Brazil,850.6200000000001,801.0,42.89,98.688,85.0,10,100,50,42.89,2.81,85.0,64.5,Consider,Fits your budget
Bulgaria,3244.96,598.5,57.365,94.83,85.0,5,100,50,57.365,1.4,85.0,67.98,Recommended,Fits your budget
Canada,30216.956147540983,321.29464285714283,77.17754464285714,51.37159836065574,97.95081967213115,244,100,50,77.17754464285714,68.54,97.95081967213115,80.94,Highly Recommended,"Fits your budget, Strong university rankings"
China,7819.221428571429,117.38461538461539,91.7523076923077,87.46000000000001,98.21428571428571,14,100,50,91.7523076923077,3.93,98.21428571428571,78.15,Recommended,"Fits your budget, Strong university rankings"
Colombia,3586.9833333333336,1048.5,25.195,94.27833333333332,91.66666666666667,6,100,50,25.195,1.69,91.66666666666667,60.63,Consider,Fits your budget
Croatia,3638.383333333333,959.3333333333334,31.57166666666667,94.19666666666666,100.0,6,100,50,31.57166666666667,1.69,100.0,63.06,Consider,Fits your budget
Cyprus,7810.966666666667,462.5,67.085,87.47333333333334,91.66666666666667,6,100,50,67.085,1.69,91.66666666666667,71.11,Recommended,Fits your budget
Czech Republic,9854.6,246.0,82.56,84.18,100.0,1,100,50,82.56,0.28,100.0,75.67,Recommended,"Fits your budget, Strong university rankings"
Denmark,1989.3244444444447,197.1590909090909,86.0475,96.85466666666667,99.44444444444444,45,100,50,86.0475,12.64,99.44444444444444,77.72,Recommended,"Fits your budget, Strong university rankings"
Dominican Republic,5199.04,,,91.68199999999999,75.0,5,100,50,50.0,1.4,75.0,65.14,Recommended,Fits your budget
Ecuador,7402.639999999999,1401.0,0.0,88.132,80.0,5,100,50,0.0,1.4,80.0,53.14,Consider,Fits your budget
Egypt,4731.142857142857,567.0,59.61666666666667,92.43571428571428,96.42857142857143,7,100,50,59.61666666666667,1.97,96.42857142857143,69.74,Recommended,Fits your budget
El Salvador,4877.316666666667,1201.0,14.295,92.2,83.33333333333333,6,100,50,14.295,1.69,83.33333333333333,57.08,Consider,Fits your budget
Finland,70.83333333333333,314.93333333333334,77.63133333333333,99.94466666666668,100.0,15,100,50,77.63133333333333,4.21,100.0,74.83,Recommended,"Fits your budget, Strong university rankings"
France,4509.935849056604,498.14285714285717,64.53642857142857,92.79132075471699,94.81132075471699,53,100,50,64.53642857142857,14.89,94.81132075471699,72.1,Recommended,Fits your budget
Germany,250.5344262295082,402.7142857142857,71.35666666666667,99.65524590163935,83.60655737704919,61,100,100,71.35666666666667,17.13,83.60655737704919,82.91,Highly Recommended,"Fits your budget, Matches your country preference"
Ghana,4038.5200000000004,851.0,39.31,93.55199999999999,80.0,5,100,50,39.31,1.4,80.0,62.97,Consider,Fits your budget
Greece,245.92592592592592,604.4,56.94,99.66111111111111,93.51851851851852,27,100,50,56.94,7.58,93.51851851851852,69.34,Recommended,Fits your budget
Hong Kong,22078.6,,,64.48,75.0,1,100,50,50.0,0.28,75.0,65.03,Recommended,Fits your budget
Hungary,5646.8875,727.6666666666666,48.129999999999995,90.9625,93.75,8,100,50,48.129999999999995,2.25,93.75,66.63,Recommended,Fits your budget
Iceland,81.75,497.4,64.588,99.92666666666668,95.83333333333333,6,100,50,64.588,1.69,95.83333333333333,70.9,Recommended,Fits your budget
India,2013.78,211.0,85.06,96.814,85.0,10,100,50,85.06,2.81,85.0,75.05,Recommended,"Fits your budget, Strong university rankings"
Indonesia,4082.35,498.25,64.53,93.482,95.0,10,100,50,64.53,2.81,95.0,70.91,Recommended,Fits your budget
Iran,2847.96,518.5,63.082499999999996,95.47,95.0,5,100,50,63.082499999999996,1.4,95.0,70.41,Recommended,Fits your budget
Ireland,19243.885714285716,498.3333333333333,64.52333333333333,69.05214285714285,80.35714285714286,14,100,50,64.52333333333333,3.93,80.35714285714286,69.56,Recommended,Fits your budget
Israel,12076.2,209.0,85.2,80.6,100.0,1,100,50,85.2,0.28,100.0,76.33,Recommended,"Fits your budget, Strong university rankings"
Italy,3686.1135135135137,311.0,77.91424242424243,94.12135135135135,97.29729729729729,37,100,50,77.91424242424243,10.39,97.29729729729729,75.25,Recommended,"Fits your budget, Strong university rankings"
Japan,7943.025000000001,271.27272727272725,80.75363636363636,87.26166666666666,97.91666666666667,12,100,50,80.75363636363636,3.37,97.91666666666667,75.32,Recommended,"Fits your budget, Strong university rankings"
Kuwait,11867.28,711.0,49.32,80.938,85.0,5,100,50,49.32,1.4,85.0,65.97,Recommended,Fits your budget
Lebanon,14254.539999999999,506.0,63.97333333333333,77.092,90.0,5,100,50,63.97333333333333,1.4,90.0,70.13,Recommended,Fits your budget
Luxembourg,478.90000000000003,355.0,74.77,99.28714285714285,78.57142857142857,7,100,50,74.77,1.97,78.57142857142857,71.75,Recommended,Fits your budget
Malaysia,7176.483333333334,801.0,42.886,88.49666666666667,85.41666666666667,12,100,50,42.886,3.37,85.41666666666667,64.6,Consider,Fits your budget
Mexico,4855.554545454545,897.0,36.025,92.23727272727272,84.0909090909091,11,100,50,36.025,3.09,84.0909090909091,62.72,Consider,Fits your budget
Morocco,1990.2333333333333,,,96.85166666666667,75.0,6,100,50,50.0,1.69,75.0,65.17,Recommended,Fits your budget
Netherlands,13692.975675675674,177.0,87.4915,77.99702702702703,88.51351351351352,37,100,50,87.4915,10.39,88.51351351351352,76.76,Recommended,"Fits your budget, Strong university rankings"
New Zealand,29573.190909090907,314.90909090909093,77.63545454545455,52.41,100.0,11,100,50,77.63545454545455,3.09,100.0,74.72,Recommended,"Fits your budget, Strong university rankings"
Nigeria,2540.2,1001.0,28.59,95.97,100.0,1,100,50,28.59,0.28,100.0,62.18,Consider,Fits your budget
Norway,73.41538461538461,362.8888888888889,74.20444444444445,99.9423076923077,92.3076923076923,13,100,50,74.20444444444445,3.65,92.3076923076923,73.15,Recommended,Fits your budget
Panama,6646.44,818.0,41.675,89.35,85.0,5,100,50,41.675,1.4,85.0,64.06,Consider,Fits your budget
Peru,7290.433333333333,1301.0,7.15,88.31333333333333,83.33333333333333,6,100,50,7.15,1.69,83.33333333333333,55.29,Consider,Fits your budget
Poland,2941.2200000000003,512.5,63.509,95.32000000000001,100.0,10,100,50,63.509,2.81,100.0,71.16,Recommended,Fits your budget
Portugal,5840.645454545454,320.0,77.27000000000001,90.6490909090909,97.72727272727273,11,100,50,77.27000000000001,3.09,97.72727272727273,74.4,Recommended,"Fits your budget, Strong university rankings"
Romania,2227.5,1127.6666666666667,19.540000000000003,96.46857142857142,85.71428571428571,7,100,50,19.540000000000003,1.97,85.71428571428571,58.65,Consider,Fits your budget
Russia,4690.881818181818,501.5,64.298,92.50090909090909,97.72727272727273,11,100,50,64.298,3.09,97.72727272727273,71.16,Recommended,Fits your budget
Saudi Arabia,5123.283333333334,567.2,59.602,91.80583333333334,95.83333333333333,12,100,50,59.602,3.37,95.83333333333333,69.82,Recommended,Fits your budget
Serbia,2564.96,1033.5,26.27,95.926,95.0,5,100,50,26.27,1.4,95.0,61.21,Consider,Fits your budget
Singapore,34943.75,497.46153846153845,64.58615384615385,43.756470588235295,84.55882352941177,34,100,50,64.58615384615385,9.55,84.55882352941177,70.56,Recommended,Fits your budget
Slovenia,4198.0,899.3333333333334,35.86,93.296,90.0,5,100,50,35.86,1.4,90.0,63.1,Consider,Fits your budget
South Africa,5949.2,171.0,87.92,90.47,100.0,1,100,50,87.92,0.28,100.0,77.01,Recommended,"Fits your budget, Strong university rankings"
South Korea,6191.362068965517,444.9130434782609,68.34130434782608,90.08344827586207,94.82758620689656,29,100,50,68.34130434782608,8.15,94.82758620689656,72.38,Recommended,Fits your budget
Spain,3226.0959999999995,574.0,59.114444444444445,94.85879999999999,93.0,25,100,50,59.114444444444445,7.02,93.0,69.78,Recommended,Fits your budget
Sweden,71.55,176.125,87.5525,99.94285714285715,89.28571428571429,14,100,50,87.5525,3.93,89.28571428571429,76.21,Recommended,"Fits your budget, Strong university rankings"
Switzerland,1560.4235294117648,269.3809523809524,80.8852380952381,97.54499999999999,90.44117647058823,34,100,50,80.8852380952381,9.55,90.44117647058823,75.22,Recommended,"Fits your budget, Strong university rankings"
Taiwan,5262.8,68.0,95.28,91.58,100.0,1,100,50,95.28,0.28,100.0,78.85,Recommended,"Fits your budget, Strong university rankings"
Thailand,9803.683333333332,585.0,58.32727272727273,84.2625,97.91666666666667,12,100,50,58.32727272727273,3.37,97.91666666666667,69.71,Recommended,Fits your budget
Tunisia,1432.2666666666667,538.6666666666666,61.63833333333334,97.75,100.0,6,100,50,61.63833333333334,1.69,100.0,70.58,Recommended,Fits your budget
Turkey,1392.1727272727273,683.6,51.278,97.81636363636363,97.72727272727273,11,100,50,51.278,3.09,97.72727272727273,67.9,Recommended,Fits your budget
UAE,24754.825,742.0,47.104285714285716,60.1725,96.875,8,100,50,47.104285714285716,2.25,96.875,66.69,Recommended,Fits your budget
UK,32372.223255813955,124.37864077669903,91.25160194174758,47.8986976744186,98.95348837209302,215,100,50,91.25160194174758,60.39,98.95348837209302,83.75,Highly Recommended,"Fits your budget, Strong university rankings"
USA,48933.63888888889,140.1578947368421,90.12375939849623,21.214259259259258,90.39351851851852,216,100,50,90.12375939849623,60.67,90.39351851851852,82.64,Highly Recommended,"Fits your budget, Strong university rankings"
Ukraine,3562.7599999999998,,,94.31800000000001,75.0,5,100,50,50.0,1.4,75.0,65.14,Recommended,Fits your budget
Uruguay,3465.6,851.0,39.31,94.47333333333334,79.16666666666667,6,100,50,39.31,1.69,79.16666666666667,62.91,Consider,Fits your budget
Uzbekistan,3660.3599999999997,1126.0,19.655,94.162,85.0,5,100,50,19.655,1.4,85.0,58.55,Consider,Fits your budget
Vietnam,3243.6,,,94.83,75.0,1,100,50,50.0,0.28,75.0,65.03,Recommended,Fits your budget
